index,project,slide,slide_id,patch_number,patch_id,annotation_status,review_status,termination_status
1,PD-L1(ST),CODIPAI-STBX-SS-04320-I-PD-22.ndpi,CODIPAI-STBX-SS-04320-I-PD-22.ndpi__14e53e4c2b62,1,patch_1,completed,reviewed,completed
2,PD-L1(ST),CODIPAI-STBX-SS-04320-I-PD-22.ndpi,CODIPAI-STBX-SS-04320-I-PD-22.ndpi__14e53e4c2b62,2,patch_2,completed,reviewed,pending
3,PD-L1(ST),CODIPAI-STBX-SS-04320-I-PD-22.ndpi,CODIPAI-STBX-SS-04320-I-PD-22.ndpi__14e53e4c2b62,3,patch_3,completed,reviewed,completed
4,PD-L1(ST),CODIPAI-STBX-SS-04320-I-PD-22.ndpi,CODIPAI-STBX-SS-04320-I-PD-22.ndpi__14e53e4c2b62,4,patch_4,completed,reviewed,completed
5,PD-L1(ST),CODIPAI-STBX-SS-04320-I-PD-22.ndpi,CODIPAI-STBX-SS-04320-I-PD-22.ndpi__14e53e4c2b62,5,patch_5,completed,reviewed,completed
6,PD-L1(ST),CODIPAI-STBX-SS-04320-I-PD-22.ndpi,CODIPAI-STBX-SS-04320-I-PD-22.ndpi__14e53e4c2b62,6,patch_6,completed,reviewed,completed
7,PD-L1(ST),CODIPAI-STBX-SS-04321-I-PD-22.ndpi,CODIPAI-STBX-SS-04321-I-PD-22.ndpi__fbb4b006f8d4,1,patch_1,completed,reviewed,completed
8,PD-L1(ST),CODIPAI-STBX-SS-04321-I-PD-22.ndpi,CODIPAI-STBX-SS-04321-I-PD-22.ndpi__fbb4b006f8d4,2,patch_2,completed,reviewed,completed
9,PD-L1(ST),CODIPAI-STBX-SS-04321-I-PD-22.ndpi,CODIPAI-STBX-SS-04321-I-PD-22.ndpi__fbb4b006f8d4,3,patch_3,completed,reviewed,completed
10,PD-L1(ST),CODIPAI-STBX-SS-04321-I-PD-22.ndpi,CODIPAI-STBX-SS-04321-I-PD-22.ndpi__fbb4b006f8d4,4,patch_4,completed,reviewed,completed
11,PD-L1(ST),CODIPAI-STBX-SS-04321-I-PD-22.ndpi,CODIPAI-STBX-SS-04321-I-PD-22.ndpi__fbb4b006f8d4,5,patch_5,completed,reviewed,completed
12,PD-L1(ST),CODIPAI-STBX-SS-04321-I-PD-22.ndpi,CODIPAI-STBX-SS-04321-I-PD-22.ndpi__fbb4b006f8d4,6,patch_6,completed,reviewed,completed
13,PD-L1(ST),CODIPAI-STBX-SS-04322-I-PD-22.ndpi,CODIPAI-STBX-SS-04322-I-PD-22.ndpi__ea8e3ff733bc,1,patch_1,completed,reviewed,completed
14,PD-L1(ST),CODIPAI-STBX-SS-04322-I-PD-22.ndpi,CODIPAI-STBX-SS-04322-I-PD-22.ndpi__ea8e3ff733bc,2,patch_2,completed,reviewed,completed
15,PD-L1(ST),CODIPAI-STBX-SS-04322-I-PD-22.ndpi,CODIPAI-STBX-SS-04322-I-PD-22.ndpi__ea8e3ff733bc,3,patch_3,completed,reviewed,completed
16,PD-L1(ST),CODIPAI-STBX-SS-04322-I-PD-22.ndpi,CODIPAI-STBX-SS-04322-I-PD-22.ndpi__ea8e3ff733bc,4,patch_4,completed,reviewed,current
17,PD-L1(ST),CODIPAI-STBX-SS-04323-I-PD-22.ndpi,CODIPAI-STBX-SS-04323-I-PD-22.ndpi__fb38ac018389,1,patch_1,completed,reviewed,completed
18,PD-L1(ST),CODIPAI-STBX-SS-04323-I-PD-22.ndpi,CODIPAI-STBX-SS-04323-I-PD-22.ndpi__fb38ac018389,2,patch_2,completed,reviewed,completed
19,PD-L1(ST),CODIPAI-STBX-SS-04323-I-PD-22.ndpi,CODIPAI-STBX-SS-04323-I-PD-22.ndpi__fb38ac018389,3,patch_3,completed,reviewed,completed
20,PD-L1(ST),CODIPAI-STBX-SS-04323-I-PD-22.ndpi,CODIPAI-STBX-SS-04323-I-PD-22.ndpi__fb38ac018389,4,patch_4,completed,reviewed,completed
21,PD-L1(ST),CODIPAI-STBX-SS-04324-I-PD-22.ndpi,CODIPAI-STBX-SS-04324-I-PD-22.ndpi__3d7038c68446,1,patch_1,completed,reviewed,completed
22,PD-L1(ST),CODIPAI-STBX-SS-04324-I-PD-22.ndpi,CODIPAI-STBX-SS-04324-I-PD-22.ndpi__3d7038c68446,2,patch_2,completed,reviewed,completed
23,PD-L1(ST),CODIPAI-STBX-SS-04324-I-PD-22.ndpi,CODIPAI-STBX-SS-04324-I-PD-22.ndpi__3d7038c68446,3,patch_3,completed,reviewed,completed
24,PD-L1(ST),CODIPAI-STBX-SS-04325-I-PD-22.ndpi,CODIPAI-STBX-SS-04325-I-PD-22.ndpi__19fb5dfbe60a,1,patch_1,completed,reviewed,completed
25,PD-L1(ST),CODIPAI-STBX-SS-04325-I-PD-22.ndpi,CODIPAI-STBX-SS-04325-I-PD-22.ndpi__19fb5dfbe60a,2,patch_2,completed,reviewed,completed
26,PD-L1(ST),CODIPAI-STBX-SS-04325-I-PD-22.ndpi,CODIPAI-STBX-SS-04325-I-PD-22.ndpi__19fb5dfbe60a,3,patch_3,completed,reviewed,completed
27,PD-L1(ST),CODIPAI-STBX-SS-04325-I-PD-22.ndpi,CODIPAI-STBX-SS-04325-I-PD-22.ndpi__19fb5dfbe60a,4,patch_4,completed,reviewed,completed
28,PD-L1(ST),CODIPAI-STBX-SS-04325-I-PD-22.ndpi,CODIPAI-STBX-SS-04325-I-PD-22.ndpi__19fb5dfbe60a,5,patch_5,completed,reviewed,completed
29,PD-L1(ST),CODIPAI-STBX-SS-04325-I-PD-22.ndpi,CODIPAI-STBX-SS-04325-I-PD-22.ndpi__19fb5dfbe60a,6,patch_6,completed,reviewed,completed
30,PD-L1(ST),CODIPAI-STBX-SS-04326-I-PD-22.ndpi,CODIPAI-STBX-SS-04326-I-PD-22.ndpi__74fce2ff798a,1,patch_1,completed,reviewed,completed
31,PD-L1(ST),CODIPAI-STBX-SS-04326-I-PD-22.ndpi,CODIPAI-STBX-SS-04326-I-PD-22.ndpi__74fce2ff798a,2,patch_2,completed,reviewed,completed
32,PD-L1(ST),CODIPAI-STBX-SS-04326-I-PD-22.ndpi,CODIPAI-STBX-SS-04326-I-PD-22.ndpi__74fce2ff798a,3,patch_3,completed,reviewed,current
33,PD-L1(ST),CODIPAI-STBX-SS-04327-I-PD-22.ndpi,CODIPAI-STBX-SS-04327-I-PD-22.ndpi__e514d744a656,1,patch_1,completed,reviewed,completed
34,PD-L1(ST),CODIPAI-STBX-SS-04327-I-PD-22.ndpi,CODIPAI-STBX-SS-04327-I-PD-22.ndpi__e514d744a656,2,patch_2,completed,reviewed,completed
35,PD-L1(ST),CODIPAI-STBX-SS-04327-I-PD-22.ndpi,CODIPAI-STBX-SS-04327-I-PD-22.ndpi__e514d744a656,3,patch_3,completed,reviewed,completed
36,PD-L1(ST),CODIPAI-STBX-SS-04327-I-PD-22.ndpi,CODIPAI-STBX-SS-04327-I-PD-22.ndpi__e514d744a656,4,patch_4,completed,reviewed,completed
37,PD-L1(ST),CODIPAI-STBX-SS-04328-I-PD-22.ndpi,CODIPAI-STBX-SS-04328-I-PD-22.ndpi__72e6d29b69e4,1,patch_1,completed,reviewed,completed
38,PD-L1(ST),CODIPAI-STBX-SS-04328-I-PD-22.ndpi,CODIPAI-STBX-SS-04328-I-PD-22.ndpi__72e6d29b69e4,2,patch_2,completed,reviewed,completed
39,PD-L1(ST),CODIPAI-STBX-SS-04328-I-PD-22.ndpi,CODIPAI-STBX-SS-04328-I-PD-22.ndpi__72e6d29b69e4,3,patch_3,completed,reviewed,completed
40,PD-L1(ST),CODIPAI-STBX-SS-04328-I-PD-22.ndpi,CODIPAI-STBX-SS-04328-I-PD-22.ndpi__72e6d29b69e4,4,patch_4,completed,reviewed,completed
41,PD-L1(ST),CODIPAI-STBX-SS-04329-I-PD-22.ndpi,CODIPAI-STBX-SS-04329-I-PD-22.ndpi__7c796a533ca6,1,patch_1,completed,reviewed,completed
42,PD-L1(ST),CODIPAI-STBX-SS-04329-I-PD-22.ndpi,CODIPAI-STBX-SS-04329-I-PD-22.ndpi__7c796a533ca6,2,patch_2,completed,reviewed,completed
43,PD-L1(ST),CODIPAI-STBX-SS-04329-I-PD-22.ndpi,CODIPAI-STBX-SS-04329-I-PD-22.ndpi__7c796a533ca6,3,patch_3,completed,reviewed,completed
44,PD-L1(ST),CODIPAI-STBX-SS-04330-I-PD-22.ndpi,CODIPAI-STBX-SS-04330-I-PD-22.ndpi__86981b3f5da8,1,patch_1,completed,reviewed,completed
45,PD-L1(ST),CODIPAI-STBX-SS-04330-I-PD-22.ndpi,CODIPAI-STBX-SS-04330-I-PD-22.ndpi__86981b3f5da8,2,patch_2,completed,reviewed,pending
46,PD-L1(ST),CODIPAI-STBX-SS-04330-I-PD-22.ndpi,CODIPAI-STBX-SS-04330-I-PD-22.ndpi__86981b3f5da8,3,patch_3,completed,reviewed,pending
47,PD-L1(ST),CODIPAI-STBX-SS-04330-I-PD-22.ndpi,CODIPAI-STBX-SS-04330-I-PD-22.ndpi__86981b3f5da8,4,patch_4,completed,reviewed,pending
48,PD-L1(ST),CODIPAI-STBX-SS-04331-I-PD-22.ndpi,CODIPAI-STBX-SS-04331-I-PD-22.ndpi__b4123461a043,1,patch_1,required,pending,pending
49,PD-L1(ST),CODIPAI-STBX-SS-04331-I-PD-22.ndpi,CODIPAI-STBX-SS-04331-I-PD-22.ndpi__b4123461a043,2,patch_2,required,pending,pending
50,PD-L1(ST),CODIPAI-STBX-SS-04331-I-PD-22.ndpi,CODIPAI-STBX-SS-04331-I-PD-22.ndpi__b4123461a043,3,patch_3,required,pending,pending
51,PD-L1(ST),CODIPAI-STBX-SS-04331-I-PD-22.ndpi,CODIPAI-STBX-SS-04331-I-PD-22.ndpi__b4123461a043,4,patch_4,required,pending,pending
52,PD-L1(ST),CODIPAI-STBX-SS-04332-I-PD-22.ndpi,CODIPAI-STBX-SS-04332-I-PD-22.ndpi__5fea13563d92,1,patch_1,completed,reviewed,pending
53,PD-L1(ST),CODIPAI-STBX-SS-04332-I-PD-22.ndpi,CODIPAI-STBX-SS-04332-I-PD-22.ndpi__5fea13563d92,2,patch_2,completed,reviewed,pending
54,PD-L1(ST),CODIPAI-STBX-SS-04332-I-PD-22.ndpi,CODIPAI-STBX-SS-04332-I-PD-22.ndpi__5fea13563d92,3,patch_3,completed,reviewed,pending
55,PD-L1(ST),CODIPAI-STBX-SS-04332-I-PD-22.ndpi,CODIPAI-STBX-SS-04332-I-PD-22.ndpi__5fea13563d92,4,patch_4,completed,reviewed,pending
56,PD-L1(ST),CODIPAI-STBX-SS-04333-I-PD-22.ndpi,CODIPAI-STBX-SS-04333-I-PD-22.ndpi__6551101236bf,1,patch_1,required,pending,pending
57,PD-L1(ST),CODIPAI-STBX-SS-04333-I-PD-22.ndpi,CODIPAI-STBX-SS-04333-I-PD-22.ndpi__6551101236bf,2,patch_2,required,pending,pending
58,PD-L1(ST),CODIPAI-STBX-SS-04333-I-PD-22.ndpi,CODIPAI-STBX-SS-04333-I-PD-22.ndpi__6551101236bf,3,patch_3,required,pending,pending
59,PD-L1(ST),CODIPAI-STBX-SS-04334-I-PD-22.ndpi,CODIPAI-STBX-SS-04334-I-PD-22.ndpi__0ac93e3885a5,1,patch_1,required,pending,pending
60,PD-L1(ST),CODIPAI-STBX-SS-04334-I-PD-22.ndpi,CODIPAI-STBX-SS-04334-I-PD-22.ndpi__0ac93e3885a5,2,patch_2,required,pending,pending
61,PD-L1(ST),CODIPAI-STBX-SS-04334-I-PD-22.ndpi,CODIPAI-STBX-SS-04334-I-PD-22.ndpi__0ac93e3885a5,3,patch_3,required,pending,pending
62,PD-L1(ST),CODIPAI-STBX-SS-04335-I-PD-22.ndpi,CODIPAI-STBX-SS-04335-I-PD-22.ndpi__ee4f01d53ab8,1,patch_1,required,pending,pending
63,PD-L1(ST),CODIPAI-STBX-SS-04335-I-PD-22.ndpi,CODIPAI-STBX-SS-04335-I-PD-22.ndpi__ee4f01d53ab8,2,patch_2,required,pending,pending
64,PD-L1(ST),CODIPAI-STBX-SS-04335-I-PD-22.ndpi,CODIPAI-STBX-SS-04335-I-PD-22.ndpi__ee4f01d53ab8,3,patch_3,required,pending,pending
65,PD-L1(ST),CODIPAI-STBX-SS-04335-I-PD-22.ndpi,CODIPAI-STBX-SS-04335-I-PD-22.ndpi__ee4f01d53ab8,4,patch_4,required,pending,pending
66,PD-L1(ST),CODIPAI-STBX-SS-04336-I-PD-22.ndpi,CODIPAI-STBX-SS-04336-I-PD-22.ndpi__61722d18ad2e,1,patch_1,required,pending,pending
67,PD-L1(ST),CODIPAI-STBX-SS-04336-I-PD-22.ndpi,CODIPAI-STBX-SS-04336-I-PD-22.ndpi__61722d18ad2e,2,patch_2,required,pending,pending
68,PD-L1(ST),CODIPAI-STBX-SS-04336-I-PD-22.ndpi,CODIPAI-STBX-SS-04336-I-PD-22.ndpi__61722d18ad2e,3,patch_3,required,pending,pending
69,PD-L1(ST),CODIPAI-STBX-SS-04336-I-PD-22.ndpi,CODIPAI-STBX-SS-04336-I-PD-22.ndpi__61722d18ad2e,4,patch_4,required,pending,pending
70,PD-L1(ST),CODIPAI-STBX-SS-04337-I-PD-22.ndpi,CODIPAI-STBX-SS-04337-I-PD-22.ndpi__2bf1ee99ffb2,1,patch_1,required,pending,pending
71,PD-L1(ST),CODIPAI-STBX-SS-04337-I-PD-22.ndpi,CODIPAI-STBX-SS-04337-I-PD-22.ndpi__2bf1ee99ffb2,2,patch_2,required,pending,pending
72,PD-L1(ST),CODIPAI-STBX-SS-04337-I-PD-22.ndpi,CODIPAI-STBX-SS-04337-I-PD-22.ndpi__2bf1ee99ffb2,3,patch_3,required,pending,pending
73,PD-L1(ST),CODIPAI-STBX-SS-04339-I-PD-22.ndpi,CODIPAI-STBX-SS-04339-I-PD-22.ndpi__4251c3629de5,1,patch_1,required,pending,pending
74,PD-L1(ST),CODIPAI-STBX-SS-04339-I-PD-22.ndpi,CODIPAI-STBX-SS-04339-I-PD-22.ndpi__4251c3629de5,2,patch_2,required,pending,pending
75,PD-L1(ST),CODIPAI-STBX-SS-04339-I-PD-22.ndpi,CODIPAI-STBX-SS-04339-I-PD-22.ndpi__4251c3629de5,3,patch_3,required,pending,pending
76,PD-L1(ST),CODIPAI-STBX-SS-04339-I-PD-22.ndpi,CODIPAI-STBX-SS-04339-I-PD-22.ndpi__4251c3629de5,4,patch_4,required,pending,pending
77,PD-L1(ST),CODIPAI-STBX-SS-04340-I-PD-22.ndpi,CODIPAI-STBX-SS-04340-I-PD-22.ndpi__5f8363c7a635,1,patch_1,required,pending,pending
78,PD-L1(ST),CODIPAI-STBX-SS-04340-I-PD-22.ndpi,CODIPAI-STBX-SS-04340-I-PD-22.ndpi__5f8363c7a635,2,patch_2,required,pending,pending
79,PD-L1(ST),CODIPAI-STBX-SS-04340-I-PD-22.ndpi,CODIPAI-STBX-SS-04340-I-PD-22.ndpi__5f8363c7a635,3,patch_3,required,pending,pending
80,PD-L1(ST),CODIPAI-STBX-SS-04341-I-PD-22.ndpi,CODIPAI-STBX-SS-04341-I-PD-22.ndpi__58e86713adc5,1,patch_1,required,pending,pending
81,PD-L1(ST),CODIPAI-STBX-SS-04341-I-PD-22.ndpi,CODIPAI-STBX-SS-04341-I-PD-22.ndpi__58e86713adc5,2,patch_2,required,pending,pending
82,PD-L1(ST),CODIPAI-STBX-SS-04341-I-PD-22.ndpi,CODIPAI-STBX-SS-04341-I-PD-22.ndpi__58e86713adc5,3,patch_3,required,pending,pending
83,PD-L1(ST),CODIPAI-STBX-SS-04342-I-PD-22.ndpi,CODIPAI-STBX-SS-04342-I-PD-22.ndpi__6bb57fe2fa06,1,patch_1,required,pending,pending
84,PD-L1(ST),CODIPAI-STBX-SS-04342-I-PD-22.ndpi,CODIPAI-STBX-SS-04342-I-PD-22.ndpi__6bb57fe2fa06,2,patch_2,required,pending,pending
85,PD-L1(ST),CODIPAI-STBX-SS-04342-I-PD-22.ndpi,CODIPAI-STBX-SS-04342-I-PD-22.ndpi__6bb57fe2fa06,3,patch_3,required,pending,pending
86,PD-L1(ST),CODIPAI-STBX-SS-04343-I-PD-22.ndpi,CODIPAI-STBX-SS-04343-I-PD-22.ndpi__8386143e3209,1,patch_1,required,pending,pending
87,PD-L1(ST),CODIPAI-STBX-SS-04343-I-PD-22.ndpi,CODIPAI-STBX-SS-04343-I-PD-22.ndpi__8386143e3209,2,patch_2,required,pending,pending
88,PD-L1(ST),CODIPAI-STBX-SS-04343-I-PD-22.ndpi,CODIPAI-STBX-SS-04343-I-PD-22.ndpi__8386143e3209,3,patch_3,required,pending,pending
89,PD-L1(ST),CODIPAI-STBX-SS-04343-I-PD-22.ndpi,CODIPAI-STBX-SS-04343-I-PD-22.ndpi__8386143e3209,4,patch_4,required,pending,pending
90,PD-L1(ST),CODIPAI-STBX-SS-04344-I-PD-22.ndpi,CODIPAI-STBX-SS-04344-I-PD-22.ndpi__b91c896f73dc,1,patch_1,required,pending,pending
91,PD-L1(ST),CODIPAI-STBX-SS-04344-I-PD-22.ndpi,CODIPAI-STBX-SS-04344-I-PD-22.ndpi__b91c896f73dc,2,patch_2,required,pending,pending
92,PD-L1(ST),CODIPAI-STBX-SS-04344-I-PD-22.ndpi,CODIPAI-STBX-SS-04344-I-PD-22.ndpi__b91c896f73dc,3,patch_3,required,pending,pending
93,PD-L1(ST),CODIPAI-STBX-SS-04344-I-PD-22.ndpi,CODIPAI-STBX-SS-04344-I-PD-22.ndpi__b91c896f73dc,4,patch_4,required,pending,pending
94,PD-L1(ST),CODIPAI-STBX-SS-04345-I-PD-22.ndpi,CODIPAI-STBX-SS-04345-I-PD-22.ndpi__d6966144c0cf,1,patch_1,required,pending,pending
95,PD-L1(ST),CODIPAI-STBX-SS-04345-I-PD-22.ndpi,CODIPAI-STBX-SS-04345-I-PD-22.ndpi__d6966144c0cf,2,patch_2,required,pending,pending
96,PD-L1(ST),CODIPAI-STBX-SS-04345-I-PD-22.ndpi,CODIPAI-STBX-SS-04345-I-PD-22.ndpi__d6966144c0cf,3,patch_3,required,pending,pending
97,PD-L1(ST),CODIPAI-STBX-SS-04346-I-PD-22.ndpi,CODIPAI-STBX-SS-04346-I-PD-22.ndpi__b317630ffce5,1,patch_1,required,pending,pending
98,PD-L1(ST),CODIPAI-STBX-SS-04346-I-PD-22.ndpi,CODIPAI-STBX-SS-04346-I-PD-22.ndpi__b317630ffce5,2,patch_2,required,pending,pending
99,PD-L1(ST),CODIPAI-STBX-SS-04346-I-PD-22.ndpi,CODIPAI-STBX-SS-04346-I-PD-22.ndpi__b317630ffce5,3,patch_3,required,pending,pending
100,PD-L1(ST),CODIPAI-STBX-SS-04347-I-PD-22.ndpi,CODIPAI-STBX-SS-04347-I-PD-22.ndpi__301d7bbbf8a5,1,patch_1,required,pending,pending
101,PD-L1(ST),CODIPAI-STBX-SS-04347-I-PD-22.ndpi,CODIPAI-STBX-SS-04347-I-PD-22.ndpi__301d7bbbf8a5,2,patch_2,required,pending,pending
102,PD-L1(ST),CODIPAI-STBX-SS-04347-I-PD-22.ndpi,CODIPAI-STBX-SS-04347-I-PD-22.ndpi__301d7bbbf8a5,3,patch_3,required,pending,pending
103,PD-L1(ST),CODIPAI-STBX-SS-04348-I-PD-22.ndpi,CODIPAI-STBX-SS-04348-I-PD-22.ndpi__d8e2f55c699d,1,patch_1,in_progress,pending,pending
104,PD-L1(ST),CODIPAI-STBX-SS-04348-I-PD-22.ndpi,CODIPAI-STBX-SS-04348-I-PD-22.ndpi__d8e2f55c699d,2,patch_2,required,pending,pending
105,PD-L1(ST),CODIPAI-STBX-SS-04348-I-PD-22.ndpi,CODIPAI-STBX-SS-04348-I-PD-22.ndpi__d8e2f55c699d,3,patch_3,required,pending,pending
106,PD-L1(ST),CODIPAI-STBX-SS-04349-I-PD-22.ndpi,CODIPAI-STBX-SS-04349-I-PD-22.ndpi__27357932141f,1,patch_1,required,pending,pending
107,PD-L1(ST),CODIPAI-STBX-SS-04349-I-PD-22.ndpi,CODIPAI-STBX-SS-04349-I-PD-22.ndpi__27357932141f,2,patch_2,required,pending,pending
108,PD-L1(ST),CODIPAI-STBX-SS-04349-I-PD-22.ndpi,CODIPAI-STBX-SS-04349-I-PD-22.ndpi__27357932141f,3,patch_3,required,pending,pending
109,PD-L1(ST),CODIPAI-STBX-SS-04350-I-PD-22.ndpi,CODIPAI-STBX-SS-04350-I-PD-22.ndpi__93417a746b2b,1,patch_1,required,pending,pending
110,PD-L1(ST),CODIPAI-STBX-SS-04350-I-PD-22.ndpi,CODIPAI-STBX-SS-04350-I-PD-22.ndpi__93417a746b2b,2,patch_2,required,pending,pending
111,PD-L1(ST),CODIPAI-STBX-SS-04350-I-PD-22.ndpi,CODIPAI-STBX-SS-04350-I-PD-22.ndpi__93417a746b2b,3,patch_3,required,pending,pending
112,PD-L1(ST),CODIPAI-STBX-SS-04351-I-PD-22.ndpi,CODIPAI-STBX-SS-04351-I-PD-22.ndpi__4ab473109f8e,1,patch_1,required,pending,pending
113,PD-L1(ST),CODIPAI-STBX-SS-04351-I-PD-22.ndpi,CODIPAI-STBX-SS-04351-I-PD-22.ndpi__4ab473109f8e,2,patch_2,required,pending,pending
114,PD-L1(ST),CODIPAI-STBX-SS-04351-I-PD-22.ndpi,CODIPAI-STBX-SS-04351-I-PD-22.ndpi__4ab473109f8e,3,patch_3,required,pending,pending
115,PD-L1(ST),CODIPAI-STBX-SS-04352-I-PD-22.ndpi,CODIPAI-STBX-SS-04352-I-PD-22.ndpi__885e2139aef7,1,patch_1,completed,reviewed,current
116,PD-L1(ST),CODIPAI-STBX-SS-04352-I-PD-22.ndpi,CODIPAI-STBX-SS-04352-I-PD-22.ndpi__885e2139aef7,2,patch_2,required,pending,pending
117,PD-L1(ST),CODIPAI-STBX-SS-04352-I-PD-22.ndpi,CODIPAI-STBX-SS-04352-I-PD-22.ndpi__885e2139aef7,3,patch_3,required,pending,pending
118,PD-L1(ST),CODIPAI-STBX-SS-04354-I-PD-22.ndpi,CODIPAI-STBX-SS-04354-I-PD-22.ndpi__54135e149f97,1,patch_1,required,pending,pending
119,PD-L1(ST),CODIPAI-STBX-SS-04354-I-PD-22.ndpi,CODIPAI-STBX-SS-04354-I-PD-22.ndpi__54135e149f97,2,patch_2,required,pending,pending
120,PD-L1(ST),CODIPAI-STBX-SS-04354-I-PD-22.ndpi,CODIPAI-STBX-SS-04354-I-PD-22.ndpi__54135e149f97,3,patch_3,required,pending,pending
121,PD-L1(ST),CODIPAI-STBX-SS-04355-I-PD-22.ndpi,CODIPAI-STBX-SS-04355-I-PD-22.ndpi__50ac436fce97,1,patch_1,required,pending,pending
122,PD-L1(ST),CODIPAI-STBX-SS-04355-I-PD-22.ndpi,CODIPAI-STBX-SS-04355-I-PD-22.ndpi__50ac436fce97,2,patch_2,required,pending,pending
123,PD-L1(ST),CODIPAI-STBX-SS-04355-I-PD-22.ndpi,CODIPAI-STBX-SS-04355-I-PD-22.ndpi__50ac436fce97,3,patch_3,required,pending,pending
124,PD-L1(ST),CODIPAI-STBX-SS-04356-I-PD-22.ndpi,CODIPAI-STBX-SS-04356-I-PD-22.ndpi__eafe215cb8f8,1,patch_1,required,pending,pending
125,PD-L1(ST),CODIPAI-STBX-SS-04356-I-PD-22.ndpi,CODIPAI-STBX-SS-04356-I-PD-22.ndpi__eafe215cb8f8,2,patch_2,required,pending,pending
126,PD-L1(ST),CODIPAI-STBX-SS-04356-I-PD-22.ndpi,CODIPAI-STBX-SS-04356-I-PD-22.ndpi__eafe215cb8f8,3,patch_3,required,pending,pending
127,PD-L1(ST),CODIPAI-STBX-SS-04356-I-PD-22.ndpi,CODIPAI-STBX-SS-04356-I-PD-22.ndpi__eafe215cb8f8,4,patch_4,required,pending,pending
128,PD-L1(ST),CODIPAI-STBX-SS-04358-I-PD-22.ndpi,CODIPAI-STBX-SS-04358-I-PD-22.ndpi__0d563cbfa13e,1,patch_1,required,pending,pending
129,PD-L1(ST),CODIPAI-STBX-SS-04358-I-PD-22.ndpi,CODIPAI-STBX-SS-04358-I-PD-22.ndpi__0d563cbfa13e,2,patch_2,required,pending,pending
130,PD-L1(ST),CODIPAI-STBX-SS-04358-I-PD-22.ndpi,CODIPAI-STBX-SS-04358-I-PD-22.ndpi__0d563cbfa13e,3,patch_3,required,pending,pending
131,PD-L1(ST),CODIPAI-STBX-SS-04358-I-PD-22.ndpi,CODIPAI-STBX-SS-04358-I-PD-22.ndpi__0d563cbfa13e,4,patch_4,required,pending,pending
132,PD-L1(ST),CODIPAI-STBX-SS-04359-I-PD-22.ndpi,CODIPAI-STBX-SS-04359-I-PD-22.ndpi__d573c8be4198,1,patch_1,required,pending,pending
133,PD-L1(ST),CODIPAI-STBX-SS-04359-I-PD-22.ndpi,CODIPAI-STBX-SS-04359-I-PD-22.ndpi__d573c8be4198,2,patch_2,required,pending,pending
134,PD-L1(ST),CODIPAI-STBX-SS-04359-I-PD-22.ndpi,CODIPAI-STBX-SS-04359-I-PD-22.ndpi__d573c8be4198,3,patch_3,required,pending,pending
135,PD-L1(ST),CODIPAI-STBX-SS-04359-I-PD-22.ndpi,CODIPAI-STBX-SS-04359-I-PD-22.ndpi__d573c8be4198,4,patch_4,required,pending,pending
136,PD-L1(ST),CODIPAI-STBX-SS-04360-I-PD-22.ndpi,CODIPAI-STBX-SS-04360-I-PD-22.ndpi__8a6ea366731b,1,patch_1,required,pending,pending
137,PD-L1(ST),CODIPAI-STBX-SS-04360-I-PD-22.ndpi,CODIPAI-STBX-SS-04360-I-PD-22.ndpi__8a6ea366731b,2,patch_2,required,pending,pending
138,PD-L1(ST),CODIPAI-STBX-SS-04360-I-PD-22.ndpi,CODIPAI-STBX-SS-04360-I-PD-22.ndpi__8a6ea366731b,3,patch_3,required,pending,pending
139,PD-L1(ST),CODIPAI-STBX-SS-04362-I-PD-22.ndpi,CODIPAI-STBX-SS-04362-I-PD-22.ndpi__36678546eb25,1,patch_1,required,pending,pending
140,PD-L1(ST),CODIPAI-STBX-SS-04362-I-PD-22.ndpi,CODIPAI-STBX-SS-04362-I-PD-22.ndpi__36678546eb25,2,patch_2,required,pending,pending
141,PD-L1(ST),CODIPAI-STBX-SS-04362-I-PD-22.ndpi,CODIPAI-STBX-SS-04362-I-PD-22.ndpi__36678546eb25,3,patch_3,in_progress,pending,pending
142,PD-L1(ST),CODIPAI-STBX-SS-04362-I-PD-22.ndpi,CODIPAI-STBX-SS-04362-I-PD-22.ndpi__36678546eb25,4,patch_4,required,pending,pending
143,PD-L1(ST),CODIPAI-STBX-SS-04363-I-PD-22.ndpi,CODIPAI-STBX-SS-04363-I-PD-22.ndpi__1cfe72d5ae3b,1,patch_1,required,pending,pending
144,PD-L1(ST),CODIPAI-STBX-SS-04363-I-PD-22.ndpi,CODIPAI-STBX-SS-04363-I-PD-22.ndpi__1cfe72d5ae3b,2,patch_2,required,pending,pending
145,PD-L1(ST),CODIPAI-STBX-SS-04363-I-PD-22.ndpi,CODIPAI-STBX-SS-04363-I-PD-22.ndpi__1cfe72d5ae3b,3,patch_3,required,pending,pending
146,PD-L1(ST),CODIPAI-STBX-SS-04363-I-PD-22.ndpi,CODIPAI-STBX-SS-04363-I-PD-22.ndpi__1cfe72d5ae3b,4,patch_4,required,pending,pending
147,PD-L1(ST),CODIPAI-STBX-SS-04364-I-PD-22.ndpi,CODIPAI-STBX-SS-04364-I-PD-22.ndpi__99e55f417d3c,1,patch_1,required,pending,pending
148,PD-L1(ST),CODIPAI-STBX-SS-04364-I-PD-22.ndpi,CODIPAI-STBX-SS-04364-I-PD-22.ndpi__99e55f417d3c,2,patch_2,required,pending,pending
149,PD-L1(ST),CODIPAI-STBX-SS-04364-I-PD-22.ndpi,CODIPAI-STBX-SS-04364-I-PD-22.ndpi__99e55f417d3c,3,patch_3,required,pending,pending
150,PD-L1(ST),CODIPAI-STBX-SS-04364-I-PD-22.ndpi,CODIPAI-STBX-SS-04364-I-PD-22.ndpi__99e55f417d3c,4,patch_4,in_progress,pending,pending
151,PD-L1(ST),CODIPAI-STOP-SS-01298-I-PD-22.ndpi,CODIPAI-STOP-SS-01298-I-PD-22.ndpi__a8b26ba867a5,1,patch_1,required,pending,pending
152,PD-L1(ST),CODIPAI-STOP-SS-01298-I-PD-22.ndpi,CODIPAI-STOP-SS-01298-I-PD-22.ndpi__a8b26ba867a5,2,patch_2,required,pending,pending
153,PD-L1(ST),CODIPAI-STOP-SS-01298-I-PD-22.ndpi,CODIPAI-STOP-SS-01298-I-PD-22.ndpi__a8b26ba867a5,3,patch_3,required,pending,pending
154,PD-L1(ST),CODIPAI-STOP-SS-01298-I-PD-22.ndpi,CODIPAI-STOP-SS-01298-I-PD-22.ndpi__a8b26ba867a5,4,patch_4,required,pending,pending
155,PD-L1(ST),CODIPAI-STOP-SS-01357-I-PD-22.ndpi,CODIPAI-STOP-SS-01357-I-PD-22.ndpi__ad12556daa70,1,patch_1,required,pending,pending
156,PD-L1(ST),CODIPAI-STOP-SS-01357-I-PD-22.ndpi,CODIPAI-STOP-SS-01357-I-PD-22.ndpi__ad12556daa70,2,patch_2,required,pending,pending
157,PD-L1(ST),CODIPAI-STOP-SS-01357-I-PD-22.ndpi,CODIPAI-STOP-SS-01357-I-PD-22.ndpi__ad12556daa70,3,patch_3,required,pending,pending
158,PD-L1(ST),CODIPAI-STOP-SS-01357-I-PD-22.ndpi,CODIPAI-STOP-SS-01357-I-PD-22.ndpi__ad12556daa70,4,patch_4,required,pending,pending
159,PD-L1(ST),CODIPAI-STOP-SS-01366-I-PD-22.ndpi,CODIPAI-STOP-SS-01366-I-PD-22.ndpi__11454e0ba70c,1,patch_1,required,pending,pending
160,PD-L1(ST),CODIPAI-STOP-SS-01366-I-PD-22.ndpi,CODIPAI-STOP-SS-01366-I-PD-22.ndpi__11454e0ba70c,2,patch_2,required,pending,pending
161,PD-L1(ST),CODIPAI-STOP-SS-01366-I-PD-22.ndpi,CODIPAI-STOP-SS-01366-I-PD-22.ndpi__11454e0ba70c,3,patch_3,required,pending,pending
162,PD-L1(ST),CODIPAI-STOP-SS-01375-I-PD-22.ndpi,CODIPAI-STOP-SS-01375-I-PD-22.ndpi__d29a0eafcaac,1,patch_1,required,pending,pending
163,PD-L1(ST),CODIPAI-STOP-SS-01375-I-PD-22.ndpi,CODIPAI-STOP-SS-01375-I-PD-22.ndpi__d29a0eafcaac,2,patch_2,required,pending,pending
164,PD-L1(ST),CODIPAI-STOP-SS-01375-I-PD-22.ndpi,CODIPAI-STOP-SS-01375-I-PD-22.ndpi__d29a0eafcaac,3,patch_3,required,pending,pending
165,PD-L1(ST),CODIPAI-STOP-SS-01375-I-PD-22.ndpi,CODIPAI-STOP-SS-01375-I-PD-22.ndpi__d29a0eafcaac,4,patch_4,required,pending,pending
166,PD-L1(ST),CODIPAI-STOP-SS-01376-I-PD-22.ndpi,CODIPAI-STOP-SS-01376-I-PD-22.ndpi__ac6e0e172b86,1,patch_1,required,pending,pending
167,PD-L1(ST),CODIPAI-STOP-SS-01376-I-PD-22.ndpi,CODIPAI-STOP-SS-01376-I-PD-22.ndpi__ac6e0e172b86,2,patch_2,required,pending,pending
168,PD-L1(ST),CODIPAI-STOP-SS-01376-I-PD-22.ndpi,CODIPAI-STOP-SS-01376-I-PD-22.ndpi__ac6e0e172b86,3,patch_3,required,pending,pending
169,PD-L1(ST),CODIPAI-STOP-SS-01376-I-PD-22.ndpi,CODIPAI-STOP-SS-01376-I-PD-22.ndpi__ac6e0e172b86,4,patch_4,required,pending,pending
170,PD-L1(ST),CODIPAI-STOP-SS-01377-I-PD-22.ndpi,CODIPAI-STOP-SS-01377-I-PD-22.ndpi__7ca7fc3019fa,1,patch_1,in_progress,pending,pending
171,PD-L1(ST),CODIPAI-STOP-SS-01377-I-PD-22.ndpi,CODIPAI-STOP-SS-01377-I-PD-22.ndpi__7ca7fc3019fa,2,patch_2,in_progress,pending,pending
172,PD-L1(ST),CODIPAI-STOP-SS-01377-I-PD-22.ndpi,CODIPAI-STOP-SS-01377-I-PD-22.ndpi__7ca7fc3019fa,3,patch_3,required,pending,pending
173,PD-L1(ST),CODIPAI-STOP-SS-01377-I-PD-22.ndpi,CODIPAI-STOP-SS-01377-I-PD-22.ndpi__7ca7fc3019fa,4,patch_4,required,pending,pending
174,PD-L1(ST),CODIPAI-STOP-SS-01378-I-PD-22.ndpi,CODIPAI-STOP-SS-01378-I-PD-22.ndpi__409f177284bd,1,patch_1,required,pending,pending
175,PD-L1(ST),CODIPAI-STOP-SS-01378-I-PD-22.ndpi,CODIPAI-STOP-SS-01378-I-PD-22.ndpi__409f177284bd,2,patch_2,required,pending,pending
176,PD-L1(ST),CODIPAI-STOP-SS-01378-I-PD-22.ndpi,CODIPAI-STOP-SS-01378-I-PD-22.ndpi__409f177284bd,3,patch_3,in_progress,pending,pending
177,PD-L1(ST),CODIPAI-STOP-SS-01378-I-PD-22.ndpi,CODIPAI-STOP-SS-01378-I-PD-22.ndpi__409f177284bd,4,patch_4,required,pending,pending
178,PD-L1(ST),CODIPAI-STOP-SS-01379-I-PD-22.ndpi,CODIPAI-STOP-SS-01379-I-PD-22.ndpi__000d641955b7,1,patch_1,required,pending,pending
179,PD-L1(ST),CODIPAI-STOP-SS-01379-I-PD-22.ndpi,CODIPAI-STOP-SS-01379-I-PD-22.ndpi__000d641955b7,2,patch_2,required,pending,pending
180,PD-L1(ST),CODIPAI-STOP-SS-01379-I-PD-22.ndpi,CODIPAI-STOP-SS-01379-I-PD-22.ndpi__000d641955b7,3,patch_3,required,pending,pending
181,PD-L1(ST),CODIPAI-STOP-SS-01380-I-PD-22.ndpi,CODIPAI-STOP-SS-01380-I-PD-22.ndpi__f3fcf7efd086,1,patch_1,required,pending,pending
182,PD-L1(ST),CODIPAI-STOP-SS-01380-I-PD-22.ndpi,CODIPAI-STOP-SS-01380-I-PD-22.ndpi__f3fcf7efd086,2,patch_2,required,pending,pending
183,PD-L1(ST),CODIPAI-STOP-SS-01380-I-PD-22.ndpi,CODIPAI-STOP-SS-01380-I-PD-22.ndpi__f3fcf7efd086,3,patch_3,in_progress,pending,pending
184,PD-L1(ST),CODIPAI-STOP-SS-01380-I-PD-22.ndpi,CODIPAI-STOP-SS-01380-I-PD-22.ndpi__f3fcf7efd086,4,patch_4,required,pending,pending
185,PD-L1(ST),CODIPAI-STOP-SS-01381-I-PD-22.ndpi,CODIPAI-STOP-SS-01381-I-PD-22.ndpi__c2fa3de38367,1,patch_1,required,pending,pending
186,PD-L1(ST),CODIPAI-STOP-SS-01381-I-PD-22.ndpi,CODIPAI-STOP-SS-01381-I-PD-22.ndpi__c2fa3de38367,2,patch_2,required,pending,pending
187,PD-L1(ST),CODIPAI-STOP-SS-01381-I-PD-22.ndpi,CODIPAI-STOP-SS-01381-I-PD-22.ndpi__c2fa3de38367,3,patch_3,required,pending,pending
188,PD-L1(ST),CODIPAI-STOP-SS-01381-I-PD-22.ndpi,CODIPAI-STOP-SS-01381-I-PD-22.ndpi__c2fa3de38367,4,patch_4,required,pending,pending
189,PD-L1(ST),CODIPAI-STOP-SS-01382-I-PD-22.ndpi,CODIPAI-STOP-SS-01382-I-PD-22.ndpi__68be22ad5c45,1,patch_1,required,pending,pending
190,PD-L1(ST),CODIPAI-STOP-SS-01382-I-PD-22.ndpi,CODIPAI-STOP-SS-01382-I-PD-22.ndpi__68be22ad5c45,2,patch_2,required,pending,pending
191,PD-L1(ST),CODIPAI-STOP-SS-01382-I-PD-22.ndpi,CODIPAI-STOP-SS-01382-I-PD-22.ndpi__68be22ad5c45,3,patch_3,required,pending,pending
192,PD-L1(ST),CODIPAI-STOP-SS-01383-I-PD-22.ndpi,CODIPAI-STOP-SS-01383-I-PD-22.ndpi__4585c84d269b,1,patch_1,required,pending,pending
193,PD-L1(ST),CODIPAI-STOP-SS-01383-I-PD-22.ndpi,CODIPAI-STOP-SS-01383-I-PD-22.ndpi__4585c84d269b,2,patch_2,required,pending,pending
194,PD-L1(ST),CODIPAI-STOP-SS-01383-I-PD-22.ndpi,CODIPAI-STOP-SS-01383-I-PD-22.ndpi__4585c84d269b,3,patch_3,required,pending,pending
195,PD-L1(ST),CODIPAI-STOP-SS-01384-I-PD-22.ndpi,CODIPAI-STOP-SS-01384-I-PD-22.ndpi__d29d678ff9a7,1,patch_1,required,pending,pending
196,PD-L1(ST),CODIPAI-STOP-SS-01384-I-PD-22.ndpi,CODIPAI-STOP-SS-01384-I-PD-22.ndpi__d29d678ff9a7,2,patch_2,required,pending,pending
197,PD-L1(ST),CODIPAI-STOP-SS-01384-I-PD-22.ndpi,CODIPAI-STOP-SS-01384-I-PD-22.ndpi__d29d678ff9a7,3,patch_3,required,pending,pending
198,PD-L1(ST),CODIPAI-STOP-SS-01384-I-PD-22.ndpi,CODIPAI-STOP-SS-01384-I-PD-22.ndpi__d29d678ff9a7,4,patch_4,required,pending,pending
199,PD-L1(ST),CODIPAI-STOP-SS-01385-I-PD-22.ndpi,CODIPAI-STOP-SS-01385-I-PD-22.ndpi__7ea1b2d58b01,1,patch_1,required,pending,pending
200,PD-L1(ST),CODIPAI-STOP-SS-01385-I-PD-22.ndpi,CODIPAI-STOP-SS-01385-I-PD-22.ndpi__7ea1b2d58b01,2,patch_2,required,pending,pending
201,PD-L1(ST),CODIPAI-STOP-SS-01385-I-PD-22.ndpi,CODIPAI-STOP-SS-01385-I-PD-22.ndpi__7ea1b2d58b01,3,patch_3,required,pending,pending
202,PD-L1(ST),CODIPAI-STOP-SS-01385-I-PD-22.ndpi,CODIPAI-STOP-SS-01385-I-PD-22.ndpi__7ea1b2d58b01,4,patch_4,required,pending,pending
203,PD-L1(ST),CODIPAI-STOP-SS-01386-I-PD-22.ndpi,CODIPAI-STOP-SS-01386-I-PD-22.ndpi__c9e826f6ce1f,1,patch_1,required,pending,pending
204,PD-L1(ST),CODIPAI-STOP-SS-01386-I-PD-22.ndpi,CODIPAI-STOP-SS-01386-I-PD-22.ndpi__c9e826f6ce1f,2,patch_2,required,pending,pending
205,PD-L1(ST),CODIPAI-STOP-SS-01386-I-PD-22.ndpi,CODIPAI-STOP-SS-01386-I-PD-22.ndpi__c9e826f6ce1f,3,patch_3,required,pending,pending
206,PD-L1(ST),CODIPAI-STOP-SS-01387-I-PD-22.ndpi,CODIPAI-STOP-SS-01387-I-PD-22.ndpi__08305d950dc9,1,patch_1,required,pending,pending
207,PD-L1(ST),CODIPAI-STOP-SS-01387-I-PD-22.ndpi,CODIPAI-STOP-SS-01387-I-PD-22.ndpi__08305d950dc9,2,patch_2,required,pending,pending
208,PD-L1(ST),CODIPAI-STOP-SS-01387-I-PD-22.ndpi,CODIPAI-STOP-SS-01387-I-PD-22.ndpi__08305d950dc9,3,patch_3,required,pending,pending
209,PD-L1(ST),CODIPAI-STOP-SS-01388-I-PD-22.ndpi,CODIPAI-STOP-SS-01388-I-PD-22.ndpi__08fff3c91597,1,patch_1,required,pending,pending
210,PD-L1(ST),CODIPAI-STOP-SS-01388-I-PD-22.ndpi,CODIPAI-STOP-SS-01388-I-PD-22.ndpi__08fff3c91597,2,patch_2,in_progress,pending,pending
211,PD-L1(ST),CODIPAI-STOP-SS-01388-I-PD-22.ndpi,CODIPAI-STOP-SS-01388-I-PD-22.ndpi__08fff3c91597,3,patch_3,required,pending,pending
212,PD-L1(ST),CODIPAI-STOP-SS-01388-I-PD-22.ndpi,CODIPAI-STOP-SS-01388-I-PD-22.ndpi__08fff3c91597,4,patch_4,in_progress,pending,pending
213,PD-L1(ST),CODIPAI-STOP-SS-01389-I-PD-22.ndpi,CODIPAI-STOP-SS-01389-I-PD-22.ndpi__5563def05f34,1,patch_1,required,pending,pending
214,PD-L1(ST),CODIPAI-STOP-SS-01389-I-PD-22.ndpi,CODIPAI-STOP-SS-01389-I-PD-22.ndpi__5563def05f34,2,patch_2,required,pending,pending
215,PD-L1(ST),CODIPAI-STOP-SS-01389-I-PD-22.ndpi,CODIPAI-STOP-SS-01389-I-PD-22.ndpi__5563def05f34,3,patch_3,required,pending,pending
216,PD-L1(ST),CODIPAI-STOP-SS-01390-I-PD-22.ndpi,CODIPAI-STOP-SS-01390-I-PD-22.ndpi__49acab65b830,1,patch_1,required,pending,pending
217,PD-L1(ST),CODIPAI-STOP-SS-01390-I-PD-22.ndpi,CODIPAI-STOP-SS-01390-I-PD-22.ndpi__49acab65b830,2,patch_2,required,pending,pending
218,PD-L1(ST),CODIPAI-STOP-SS-01390-I-PD-22.ndpi,CODIPAI-STOP-SS-01390-I-PD-22.ndpi__49acab65b830,3,patch_3,required,pending,pending
219,PD-L1(ST),CODIPAI-STOP-SS-01391-I-PD-22.ndpi,CODIPAI-STOP-SS-01391-I-PD-22.ndpi__6d41217ae6f9,1,patch_1,in_progress,pending,pending
220,PD-L1(ST),CODIPAI-STOP-SS-01391-I-PD-22.ndpi,CODIPAI-STOP-SS-01391-I-PD-22.ndpi__6d41217ae6f9,2,patch_2,required,pending,pending
221,PD-L1(ST),CODIPAI-STOP-SS-01391-I-PD-22.ndpi,CODIPAI-STOP-SS-01391-I-PD-22.ndpi__6d41217ae6f9,3,patch_3,required,pending,pending
222,PD-L1(ST),CODIPAI-STOP-SS-01392-I-PD-22.ndpi,CODIPAI-STOP-SS-01392-I-PD-22.ndpi__a4a1c6cff22d,1,patch_1,required,pending,pending
223,PD-L1(ST),CODIPAI-STOP-SS-01392-I-PD-22.ndpi,CODIPAI-STOP-SS-01392-I-PD-22.ndpi__a4a1c6cff22d,2,patch_2,required,pending,pending
224,PD-L1(ST),CODIPAI-STOP-SS-01392-I-PD-22.ndpi,CODIPAI-STOP-SS-01392-I-PD-22.ndpi__a4a1c6cff22d,3,patch_3,required,pending,pending
225,PD-L1(ST),CODIPAI-STOP-SS-01393-I-PD-22.ndpi,CODIPAI-STOP-SS-01393-I-PD-22.ndpi__25a6449db56f,1,patch_1,required,pending,pending
226,PD-L1(ST),CODIPAI-STOP-SS-01393-I-PD-22.ndpi,CODIPAI-STOP-SS-01393-I-PD-22.ndpi__25a6449db56f,2,patch_2,required,pending,pending
227,PD-L1(ST),CODIPAI-STOP-SS-01393-I-PD-22.ndpi,CODIPAI-STOP-SS-01393-I-PD-22.ndpi__25a6449db56f,3,patch_3,required,pending,pending
228,PD-L1(ST),CODIPAI-STOP-SS-01393-I-PD-22.ndpi,CODIPAI-STOP-SS-01393-I-PD-22.ndpi__25a6449db56f,4,patch_4,required,pending,pending
229,PD-L1(ST),CODIPAI-STOP-SS-01394-I-PD-22.ndpi,CODIPAI-STOP-SS-01394-I-PD-22.ndpi__92cc9c9751cd,1,patch_1,required,pending,pending
230,PD-L1(ST),CODIPAI-STOP-SS-01394-I-PD-22.ndpi,CODIPAI-STOP-SS-01394-I-PD-22.ndpi__92cc9c9751cd,2,patch_2,required,pending,pending
231,PD-L1(ST),CODIPAI-STOP-SS-01394-I-PD-22.ndpi,CODIPAI-STOP-SS-01394-I-PD-22.ndpi__92cc9c9751cd,3,patch_3,required,pending,pending
232,PD-L1(ST),CODIPAI-STOP-SS-01394-I-PD-22.ndpi,CODIPAI-STOP-SS-01394-I-PD-22.ndpi__92cc9c9751cd,4,patch_4,required,pending,pending
233,PD-L1(ST),CODIPAI-STOP-SS-01395-I-PD-22.ndpi,CODIPAI-STOP-SS-01395-I-PD-22.ndpi__1f22fa585005,1,patch_1,required,pending,pending
234,PD-L1(ST),CODIPAI-STOP-SS-01395-I-PD-22.ndpi,CODIPAI-STOP-SS-01395-I-PD-22.ndpi__1f22fa585005,2,patch_2,required,pending,pending
235,PD-L1(ST),CODIPAI-STOP-SS-01395-I-PD-22.ndpi,CODIPAI-STOP-SS-01395-I-PD-22.ndpi__1f22fa585005,3,patch_3,required,pending,pending
236,PD-L1(ST),CODIPAI-STOP-SS-01395-I-PD-22.ndpi,CODIPAI-STOP-SS-01395-I-PD-22.ndpi__1f22fa585005,4,patch_4,required,pending,pending
237,PD-L1(ST),CODIPAI-STOP-SS-01396-I-PD-22.ndpi,CODIPAI-STOP-SS-01396-I-PD-22.ndpi__138a843f356a,1,patch_1,required,pending,pending
238,PD-L1(ST),CODIPAI-STOP-SS-01396-I-PD-22.ndpi,CODIPAI-STOP-SS-01396-I-PD-22.ndpi__138a843f356a,2,patch_2,required,pending,pending
239,PD-L1(ST),CODIPAI-STOP-SS-01396-I-PD-22.ndpi,CODIPAI-STOP-SS-01396-I-PD-22.ndpi__138a843f356a,3,patch_3,required,pending,pending
240,PD-L1(ST),CODIPAI-STOP-SS-01396-I-PD-22.ndpi,CODIPAI-STOP-SS-01396-I-PD-22.ndpi__138a843f356a,4,patch_4,in_progress,pending,pending
241,PD-L1(ST),CODIPAI-STOP-SS-01397-I-PD-22.ndpi,CODIPAI-STOP-SS-01397-I-PD-22.ndpi__21e6c03d1b65,1,patch_1,required,pending,pending
242,PD-L1(ST),CODIPAI-STOP-SS-01397-I-PD-22.ndpi,CODIPAI-STOP-SS-01397-I-PD-22.ndpi__21e6c03d1b65,2,patch_2,required,pending,pending
243,PD-L1(ST),CODIPAI-STOP-SS-01397-I-PD-22.ndpi,CODIPAI-STOP-SS-01397-I-PD-22.ndpi__21e6c03d1b65,3,patch_3,required,pending,pending
244,PD-L1(ST),CODIPAI-STOP-SS-01397-I-PD-22.ndpi,CODIPAI-STOP-SS-01397-I-PD-22.ndpi__21e6c03d1b65,4,patch_4,required,pending,pending
245,PD-L1(ST),CODIPAI-STOP-SS-01398-I-PD-22.ndpi,CODIPAI-STOP-SS-01398-I-PD-22.ndpi__d70c53ad5bb6,1,patch_1,required,pending,pending
246,PD-L1(ST),CODIPAI-STOP-SS-01398-I-PD-22.ndpi,CODIPAI-STOP-SS-01398-I-PD-22.ndpi__d70c53ad5bb6,2,patch_2,required,pending,pending
247,PD-L1(ST),CODIPAI-STOP-SS-01398-I-PD-22.ndpi,CODIPAI-STOP-SS-01398-I-PD-22.ndpi__d70c53ad5bb6,3,patch_3,required,pending,pending
248,PD-L1(ST),CODIPAI-STOP-SS-01398-I-PD-22.ndpi,CODIPAI-STOP-SS-01398-I-PD-22.ndpi__d70c53ad5bb6,4,patch_4,required,pending,pending
249,PD-L1(ST),CODIPAI-STOP-SS-01399-I-PD-22.ndpi,CODIPAI-STOP-SS-01399-I-PD-22.ndpi__bb4266199a43,1,patch_1,required,pending,pending
250,PD-L1(ST),CODIPAI-STOP-SS-01399-I-PD-22.ndpi,CODIPAI-STOP-SS-01399-I-PD-22.ndpi__bb4266199a43,2,patch_2,required,pending,pending
251,PD-L1(ST),CODIPAI-STOP-SS-01399-I-PD-22.ndpi,CODIPAI-STOP-SS-01399-I-PD-22.ndpi__bb4266199a43,3,patch_3,required,pending,pending
252,PD-L1(ST),CODIPAI-STOP-SS-01399-I-PD-22.ndpi,CODIPAI-STOP-SS-01399-I-PD-22.ndpi__bb4266199a43,4,patch_4,required,pending,pending
253,PD-L1(ST),CODIPAI-STOP-SS-01400-I-PD-22.ndpi,CODIPAI-STOP-SS-01400-I-PD-22.ndpi__598d8be04128,1,patch_1,required,pending,pending
254,PD-L1(ST),CODIPAI-STOP-SS-01400-I-PD-22.ndpi,CODIPAI-STOP-SS-01400-I-PD-22.ndpi__598d8be04128,2,patch_2,required,pending,pending
255,PD-L1(ST),CODIPAI-STOP-SS-01400-I-PD-22.ndpi,CODIPAI-STOP-SS-01400-I-PD-22.ndpi__598d8be04128,3,patch_3,required,pending,pending
256,PD-L1(ST),CODIPAI-STOP-SS-01400-I-PD-22.ndpi,CODIPAI-STOP-SS-01400-I-PD-22.ndpi__598d8be04128,4,patch_4,required,pending,pending
257,PD-L1(ST),CODIPAI-STOP-SS-01401-I-PD-22.ndpi,CODIPAI-STOP-SS-01401-I-PD-22.ndpi__2c07942e18d4,1,patch_1,required,pending,pending
258,PD-L1(ST),CODIPAI-STOP-SS-01401-I-PD-22.ndpi,CODIPAI-STOP-SS-01401-I-PD-22.ndpi__2c07942e18d4,2,patch_2,required,pending,pending
259,PD-L1(ST),CODIPAI-STOP-SS-01401-I-PD-22.ndpi,CODIPAI-STOP-SS-01401-I-PD-22.ndpi__2c07942e18d4,3,patch_3,required,pending,pending
260,PD-L1(ST),CODIPAI-STOP-SS-01401-I-PD-22.ndpi,CODIPAI-STOP-SS-01401-I-PD-22.ndpi__2c07942e18d4,4,patch_4,required,pending,pending
261,PD-L1(ST),CODIPAI-STOP-SS-01401-I-PD-22.ndpi,CODIPAI-STOP-SS-01401-I-PD-22.ndpi__2c07942e18d4,5,patch_5,required,pending,pending
262,PD-L1(ST),CODIPAI-STOP-SS-01401-I-PD-22.ndpi,CODIPAI-STOP-SS-01401-I-PD-22.ndpi__2c07942e18d4,6,patch_6,required,pending,pending
263,PD-L1(ST),CODIPAI-STOP-SS-01401-I-PD-22.ndpi,CODIPAI-STOP-SS-01401-I-PD-22.ndpi__2c07942e18d4,7,patch_7,required,pending,pending
264,PD-L1(ST),CODIPAI-STOP-SS-01402-I-PD-22.ndpi,CODIPAI-STOP-SS-01402-I-PD-22.ndpi__ebfc3f0b4393,1,patch_1,required,pending,pending
265,PD-L1(ST),CODIPAI-STOP-SS-01402-I-PD-22.ndpi,CODIPAI-STOP-SS-01402-I-PD-22.ndpi__ebfc3f0b4393,2,patch_2,required,pending,pending
266,PD-L1(ST),CODIPAI-STOP-SS-01402-I-PD-22.ndpi,CODIPAI-STOP-SS-01402-I-PD-22.ndpi__ebfc3f0b4393,3,patch_3,required,pending,pending
267,PD-L1(ST),CODIPAI-STOP-SS-01402-I-PD-22.ndpi,CODIPAI-STOP-SS-01402-I-PD-22.ndpi__ebfc3f0b4393,4,patch_4,required,pending,pending
268,PD-L1(ST),CODIPAI-STOP-SS-01403-I-PD-22.ndpi,CODIPAI-STOP-SS-01403-I-PD-22.ndpi__40a698d45bdf,1,patch_1,required,pending,pending
269,PD-L1(ST),CODIPAI-STOP-SS-01403-I-PD-22.ndpi,CODIPAI-STOP-SS-01403-I-PD-22.ndpi__40a698d45bdf,2,patch_2,required,pending,pending
270,PD-L1(ST),CODIPAI-STOP-SS-01403-I-PD-22.ndpi,CODIPAI-STOP-SS-01403-I-PD-22.ndpi__40a698d45bdf,3,patch_3,required,pending,pending
271,PD-L1(ST),CODIPAI-STOP-SS-01403-I-PD-22.ndpi,CODIPAI-STOP-SS-01403-I-PD-22.ndpi__40a698d45bdf,4,patch_4,required,pending,pending
272,PD-L1(ST),CODIPAI-STOP-SS-01404-I-PD-22.ndpi,CODIPAI-STOP-SS-01404-I-PD-22.ndpi__a17619b8768a,1,patch_1,required,pending,pending
273,PD-L1(ST),CODIPAI-STOP-SS-01404-I-PD-22.ndpi,CODIPAI-STOP-SS-01404-I-PD-22.ndpi__a17619b8768a,2,patch_2,required,pending,pending
274,PD-L1(ST),CODIPAI-STOP-SS-01404-I-PD-22.ndpi,CODIPAI-STOP-SS-01404-I-PD-22.ndpi__a17619b8768a,3,patch_3,required,pending,pending
275,PD-L1(ST),CODIPAI-STOP-SS-01405-I-PD-22.ndpi,CODIPAI-STOP-SS-01405-I-PD-22.ndpi__dc706f1ecdce,1,patch_1,required,pending,pending
276,PD-L1(ST),CODIPAI-STOP-SS-01405-I-PD-22.ndpi,CODIPAI-STOP-SS-01405-I-PD-22.ndpi__dc706f1ecdce,2,patch_2,required,pending,pending
277,PD-L1(ST),CODIPAI-STOP-SS-01405-I-PD-22.ndpi,CODIPAI-STOP-SS-01405-I-PD-22.ndpi__dc706f1ecdce,3,patch_3,required,pending,pending
278,PD-L1(ST),CODIPAI-STOP-SS-01405-I-PD-22.ndpi,CODIPAI-STOP-SS-01405-I-PD-22.ndpi__dc706f1ecdce,4,patch_4,required,pending,pending
279,PD-L1(ST),CODIPAI-STOP-SS-01406-I-PD-22.ndpi,CODIPAI-STOP-SS-01406-I-PD-22.ndpi__d9906b315052,1,patch_1,required,pending,pending
280,PD-L1(ST),CODIPAI-STOP-SS-01406-I-PD-22.ndpi,CODIPAI-STOP-SS-01406-I-PD-22.ndpi__d9906b315052,2,patch_2,required,pending,pending
281,PD-L1(ST),CODIPAI-STOP-SS-01406-I-PD-22.ndpi,CODIPAI-STOP-SS-01406-I-PD-22.ndpi__d9906b315052,3,patch_3,required,pending,pending
282,PD-L1(ST),CODIPAI-STOP-SS-01406-I-PD-22.ndpi,CODIPAI-STOP-SS-01406-I-PD-22.ndpi__d9906b315052,4,patch_4,required,pending,pending
283,PD-L1(ST),CODIPAI-STOP-SS-01407-I-PD-22.ndpi,CODIPAI-STOP-SS-01407-I-PD-22.ndpi__6a1fb8b69ba5,1,patch_1,in_progress,pending,pending
284,PD-L1(ST),CODIPAI-STOP-SS-01407-I-PD-22.ndpi,CODIPAI-STOP-SS-01407-I-PD-22.ndpi__6a1fb8b69ba5,2,patch_2,required,pending,pending
285,PD-L1(ST),CODIPAI-STOP-SS-01407-I-PD-22.ndpi,CODIPAI-STOP-SS-01407-I-PD-22.ndpi__6a1fb8b69ba5,3,patch_3,required,pending,pending
286,PD-L1(ST),CODIPAI-STOP-SS-01407-I-PD-22.ndpi,CODIPAI-STOP-SS-01407-I-PD-22.ndpi__6a1fb8b69ba5,4,patch_4,required,pending,pending
